seconds,lat_1,lon_1,dbe_1,dbn_1,dbu_1,lat_2,lon_2,dbe_2,dbn_2,dbu_2,lat_3,lon_3,dbe_3,dbn_3,dbu_3,lat_4,lon_4,dbe_4,dbn_4,dbu_4,sat_lat,sat_lon,dbe_measured_1,dbn_measured_1,dbu_measured_1,cov_ee_1,cov_nn_1,cov_uu_1,cov_en_1,cov_eu_1,cov_nu_1,dbe_measured_2,dbn_measured_2,dbu_measured_2,cov_ee_2,cov_nn_2,cov_uu_2,cov_en_2,cov_eu_2,cov_nu_2,dbe_measured_3,dbn_measured_3,dbu_measured_3,cov_ee_3,cov_nn_3,cov_uu_3,cov_en_3,cov_eu_3,cov_nu_3,dbe_measured_4,dbn_measured_4,dbu_measured_4,cov_ee_4,cov_nn_4,cov_uu_4,cov_en_4,cov_eu_4,cov_nu_4
0,75.41798759323738,245.94664233639182,50.649302243398196,-33.65338081379644,392.50595,79.72042298773859,237.74152111953396,36.46907464560025,101.91054885899906,282.2308,80.95044926718006,233.79596762047484,21.25293125902858,117.25470850306677,256.23944,82.8710881674337,224.2704144024653,-13.631883548939818,133.9921758186321,220.40593,79.68638356047822,238.03192163532688,93.34618243455303,-350.74836563844946,374.8177349032358,19769.186153580984,24881.73151234204,2578.513833179268,-861.6198986133415,-970.078034479654,3836.67607465626,-2184.577752028241,891.9460325576908,294.78784541990547,2698289.6693988796,2497022.114777594,7870.960226077029,919804.3746847978,-46402.17647941159,51493.01727106749,-173.94758165823743,-74.01181447717808,209.02167257707282,50403.086104829825,68511.20722293611,4927.860170168091,8252.773341250138,-1423.1965379309588,1233.1353988820085,221.39199797522573,-23.6303529512504,298.56823738272647,21441.756230901967,30261.818221880596,2710.154590809469,-1636.286892088878,-1025.7790126539583,-1979.7167898992009
3,75.35491017481223,245.19114230615733,49.198607425041224,-36.60955905627325,410.7921,79.63980728800674,236.83250275901545,33.506238900618115,103.77736007267308,287.02664,80.86197936432683,232.83525015299335,18.063129705773886,118.41178915435476,259.67862,82.76548708106881,223.25119630319978,-16.889864204460896,134.11956021878913,222.56517,79.60605181691915,237.1178099242774,57.213500315125785,220.22738156508237,461.4439032316948,19744.48468047091,24885.42726987346,2574.106211772774,-823.9101771030176,-940.6128680351611,3835.5559609102725,-541.4920314512535,-102.36981991528688,308.0363599716029,2713812.8879613774,2503853.51095114,7866.882022951404,923254.9588587959,-46446.082033730134,51692.78350659467,-133.2135064260334,253.80673212648043,310.5718504504065,50641.82630213701,68272.25583511981,4921.823437271586,8504.50444690615,-1422.2296644035773,1227.0397734969642,60.5922055944265,-141.22922133865694,195.18646867369932,21384.94355646825,30299.053183732187,2709.702043350642,-1514.0312429290316,-1059.261019124725,-1971.8008657757625
6,75.29465570480146,244.50827364260067,48.499271353024454,-38.01149630668254,432.3035,79.5559630691632,235.9380450284903,30.437220112025454,105.58305181099807,292.0589,80.76747577944734,231.86556862198492,14.791553889355177,119.52813584274843,263.30966,82.64749872613594,222.17909043208255,-18.943865723004286,134.8254071660619,225.10817,79.5224431856451,236.21827246803724,-243.1189605270336,-163.07138001223356,487.04480139076816,19718.098622220867,24896.167158596152,2568.4787472965686,-771.7890773714679,-903.4402907404648,3831.6663955382505,-4468.491108204926,1500.8302312375722,232.87036477075836,2726446.0427251644,2509762.57921454,7860.401478505711,926063.4496689975,-46400.37588764941,51894.53317718138,387.94967884173656,-98.85608171247736,363.71184800788626,50980.48737790454,67978.48764601968,4916.328517888656,8831.207928964524,-1423.7594978044274,1222.832060700762,32.2896167007338,-279.1133452818639,243.35287008083282,21319.40311850205,30348.086177189263,2709.7028335233417,-1348.257450804397,-1104.327078558859,-1957.0938130573654
9,75.23233300387649,243.8296356193284,44.665347223314846,-43.85936643724751,452.71997,79.46972230497626,235.05777017989195,27.25171336649649,107.30825953942787,297.30865,80.67055125203873,230.91584251408042,11.529900424859859,120.58148821782757,267.24515,82.52731528790814,221.14224059279846,-21.909762695741932,135.16122458494613,228.0122,79.43641506121597,235.33280515403538,-474.0586831897293,174.36770431480213,568.9695382737391,19693.553531822683,24906.687152562714,2562.984480140161,-720.0804742801862,-867.6199072842835,3827.527254846055,86.4623957065296,234.85826374131028,312.66425386159466,2737378.1759263533,2514911.1103798314,7855.970484734502,928540.1868560582,-46417.362257346744,52045.97203309581,421.34030157698464,-94.25531708974655,239.66246232541585,51326.43041347168,67684.06026431231,4911.2399140641755,9138.84657941206,-1424.8837771337487,1218.329058138386,-27.133448424758356,125.11292456807746,186.41536783171907,21262.609712178783,30390.35985425564,2709.7735391930487,-1186.908448078507,-1147.814820000844,-1942.0898911044385
12,75.16796618313913,243.1553884899865,39.22262571113574,-51.84216687057085,474.12357,79.38117372171756,234.19150545916213,23.963679581709954,108.93707682246624,302.78098,80.57129431909885,229.9859128749076,8.292076731547603,121.56199320203056,271.40933,82.40505316395324,220.13908404045952,-24.788213377657428,135.52180208724675,231.26721,79.34803185646783,234.46144816062835,-84.85086323215425,-5.896707291574154,502.6635383933055,19671.309844303305,24917.296907148797,2557.6856190010894,-668.4842238411413,-832.7923279836917,3823.2679769491574,-2104.107056562555,3058.3051639551686,396.89444272046217,2746462.640006362,2519541.7791035417,7853.723959770536,930607.4328040844,-46477.008865495205,52172.87726948806,709.9375947659291,279.3245751204557,348.6316678694241,51677.43214687682,67390.40875885422,4906.395227193927,9428.208814552443,-1427.9162394476596,1213.7958059854802,225.56606669349532,-209.2469970819373,258.3873842121387,21214.294828423466,30426.254796112637,2709.928252912393,-1030.3243537879912,-1190.0893262914592,-1926.6859970334694
15,75.10208256536706,242.49098010346745,32.2548936998738,-62.27499126119725,495.8151,79.29036838643643,233.33938068365654,21.984982828849365,111.4790775795071,308.62442,80.46953952450309,229.07339122324444,6.3760403766770075,123.22750582518735,275.71198,82.28001550696243,219.16236838588148,-27.70667255314321,135.87310406907943,234.83109,79.25734771125997,233.60430092782772,-161.06323070245236,-83.14543021990299,598.8169985354721,19650.94257793212,24928.268436186252,2552.523010920024,-616.0895348778978,-797.4390176861277,3818.7704724714963,407.11388185122667,2005.013767405888,408.7885237411994,2753860.7692332193,2523492.4819301744,7848.568991809991,932277.4876120685,-46468.36592042305,52284.59304874442,301.39021848258506,376.20456145129947,330.1859734476093,52040.973357125535,67091.81897763994,4901.821945861108,9706.815220717133,-1433.1944398008072,1209.8547028778669,87.9201601199693,-212.69867375138926,270.4374230095135,21172.559296284533,30457.514839204563,2710.3803289724347,-874.4844694670317,-1231.3507204853977,-1911.4501462059022
18,75.03397026060041,241.82872487705507,23.974073524107737,-75.41083074039429,517.72736,79.19734926575214,232.50140252179864,18.414605670970246,112.95672809026857,314.90512,80.36570388373332,228.181412318337,3.348582161196476,124.12535621736157,280.08493,82.15347583355775,218.2204792672642,-30.692154672664646,136.2170687009671,238.7182,79.16442257646584,232.76127166189312,-153.04428810934388,209.9461708026376,590.3696993288925,19632.656140401137,24938.788590178603,2547.6215769097153,-564.6358232155935,-763.4683480428679,3814.2860885818664,2932.595721765111,-747.4360723619675,297.633749325312,2759373.798673529,2526812.0557557447,7842.650380949439,933687.5231596625,-46427.11483003964,52380.16342697437,-85.54807053786637,-428.35882601104436,308.38324202994704,52404.36935408984,66798.043226668,4897.593155461347,9964.589782947885,-1438.7187387524118,1205.432187716043,-17.90909089081815,-167.95144270515206,197.5977691980559,21138.78519597188,30483.593235072218,2710.9072829351708,-725.7416786516577,-1270.8468780370324,-1896.329089943225
21,74.96429963224816,241.17505856864676,14.393218401679725,-91.44663659217578,539.3049,79.1021807790098,231.6775088754105,14.596236544332388,114.25194251612103,321.78476,80.25957592138323,227.30693863967397,0.5148072574129622,124.9465779315748,284.6343,82.02454630462188,217.30495801027573,-33.775961756013544,136.5759463530591,243.00813,79.06931279276044,231.93237715961257,3.6794888173049145,200.57379836077968,586.823521579641,19616.281579633633,24949.433856997235,2542.807736933822,-512.7057588267593,-729.7715452547418,3809.5208973450053,-345.20549381610044,-2508.0692912193354,165.7906834834538,2763177.879270673,2529494.2960109245,7843.901868178126,934624.5009670779,-46561.469798412065,52422.309514937086,48.885342419621765,227.36395726631153,349.3122101394613,52777.032285632515,66503.37545939923,4893.609744172806,10210.658388567324,-1446.690486522069,1201.821872988193,149.13744919750184,206.67178222983364,157.30945617227644,21111.114597530766,30505.80758719812,2711.6611620272793,-579.1089328810673,-1309.4245794886292,-1881.178862987464
24,74.90892485931677,240.67443964976783,6.141537636551765,-105.92722791550914,555.5934,79.00439363961668,230.86857644416972,10.643640898906161,115.31738641206789,328.97934,80.14323193340331,226.3936789474995,-2.365618184188585,125.71094215576555,290.29614,81.86863466214926,216.2587125196352,-37.42374590923931,137.01952088772055,248.28387,78.97157155023943,231.11828293944083,-88.96530582913049,-135.17458603417492,559.3362397244559,19597.173777296743,24969.805122463815,2534.3473066305755,-425.7642496812214,-677.8663515062576,3796.052165530003,-1308.946113755278,1627.4618465461147,246.91517799366386,2764286.053258476,2531111.3121665954,7841.010762661242,935141.1864477232,-46575.327309243556,52457.39373609754,120.56370034849212,-53.783568229985576,231.14000469092005,53411.0148601766,66023.25701380947,4890.556262899767,10592.405416519738,-1458.4924744546051,1201.5820456738227,206.7302148847739,179.3082131272454,330.33807061298114,21080.841166670572,30536.229796811112,2713.219798264913,-326.574139402483,-1373.9340981562284,-1847.5244398575533
27,74.79625561640232,239.6853815914357,-11.443055218934653,-136.44257540886798,597.5805,78.90535407620904,230.07231792466737,6.604417385099806,116.1711430094457,336.43176,80.05132693933221,225.69333518416036,-4.515745296901962,126.23038407521838,295.21027,81.79485386925876,215.77840952362203,-39.14426621696908,137.23808330826338,250.82439,78.8725305961676,230.31707677621347,-151.80651118130532,119.5034415834146,647.664012783757,19596.904690105002,24958.869360118446,2539.0643829403907,-457.06625693420887,-690.5823061324598,3811.700307665793,1979.7421621980147,3138.0648841317184,479.4978017650925,2764752.4135486567,2532662.784843029,7839.202890404658,935433.6728459531,-46630.68164308466,52467.01427902816,-5.279683737846199,124.29707865256734,244.30289955165716,53183.248606348396,66183.41499650663,4886.178139042279,10452.503575827845,-1456.9960608174006,1189.0518624668532,287.3026008507264,-174.21151330322618,325.4388581094357,21085.938714298685,30523.5457680179,2712.193012567933,-451.06726564292916,-1348.2305536571716,-1873.6552525707725
30,74.74364222826043,239.24316843153292,-21.83419469324914,-157.39669077832144,607.47217,78.80428949387938,229.2900154963525,2.4746287630600263,116.77085487384609,344.1737,79.92918332596835,224.79666083385527,-7.242527029200645,126.81999499135831,302.22632,81.62807943146936,214.73346218435634,-41.46958708394377,138.85031227637603,256.9108,78.77144111121021,229.529823879227,-72.57411156734562,-35.19249555899132,525.1843050749881,19579.750396071293,24981.223377704973,2529.550581922943,-358.86942273530343,-633.7524124238561,3794.9231262682733,1486.1832322435082,191.49090246362908,278.42069711921613,2763292.6848313287,2533417.247806906,7836.629704858592,935441.9595787055,-46651.562491752346,52461.27368748601,291.92976012134443,216.35856173041984,229.73572063517622,53904.02539385225,65643.20498170101,4883.773109237398,10854.004241698769,-1472.26969864395,1189.9784981087887,-9.368226407716747,232.8991209896692,257.3931489070716,21063.485673206815,30550.06131782834,2714.3204889160115,-170.4301200626429,-1418.9733115076315,-1834.8184733508058
33,74.66663356889123,238.61216784605676,-36.897665259833346,-190.68590959883866,617.9547,78.70107928398912,228.52168748953514,-1.8927593138173655,116.99959476050162,352.63013,79.81512668223023,223.99533422255843,-9.774452703904483,127.2871606473782,309.27838,81.49247321607558,213.92759814732406,-44.56676023780222,139.45399775883314,262.52115,78.66815341619157,228.75671883288408,-44.32760508695496,-288.8139629649187,605.6020958364227,19571.776391693595,24991.6009664426,2525.3916029126476,-307.61684588768725,-603.1036726354973,3789.690793940437,-489.10093785174513,-2261.467227302826,334.95183951509864,2760103.498725558,2533340.8263376853,7834.781667418892,934787.1314028461,-46691.65908058517,52431.38376370109,-443.1117119963549,-31.750295145372334,248.655784254225,54287.33492882142,65363.10203270015,4881.022213546335,11040.839569006877,-1483.895143654126,1186.5307095458434,-46.3071177244589,-51.380716107515255,298.43471280193444,21057.592355240246,30558.69285714771,2715.5807924207984,-41.982227945734564,-1453.3310128101396,-1819.8810046740539
36,74.58791033565804,237.98721557724042,-51.41832903708155,-227.0641281666871,624.6963,78.59597875172562,227.7671310123977,-6.706115734036318,116.62120594754927,362.16403,79.69925385657011,223.21135865866185,-12.540615684304134,127.63013229315303,317.00165,81.35535292699743,213.1467903911164,-47.7121866695661,140.06296418617944,268.37772,78.56295957861315,227.99731455866925,-208.58132910072953,-456.167397021737,613.9243532239742,19565.75741558144,25001.610346910787,2521.4730974055233,-256.60243888844406,-572.8271591003961,3784.496677076056,1384.2024402366405,673.9476815185594,349.6720882825558,2754672.212548082,2532549.432341658,7833.412131851085,933953.5163580644,-46743.648986192595,52361.89433156157,-185.75507462777472,41.92882537568885,345.68843440454464,54670.73666847013,65087.55406212221,4878.761459873167,11215.983180487772,-1495.204727730071,1182.872558766635,274.96392176710714,-62.024595909536735,268.2767846840484,21056.17830575012,30564.73572843126,2716.9783295713896,82.34480904101805,-1486.7799738490432,-1805.023930563895
39,74.50802074388689,237.37247704040104,-65.06289421173965,-265.81746266170717,628.09393,78.48904710612412,227.026053049587,-11.558450759675884,115.80389526507288,372.10617,79.58133853118383,222.44322728789868,-15.848318147654474,127.56570661591775,325.84882,81.21603095611988,212.38563487497422,-50.93090285805388,140.669126349479,274.51147,78.45590629017623,227.25146069130346,81.94325003781381,-255.0889501566723,602.3738784526195,19562.022884506954,25011.907730510724,2517.6044817066254,-204.55234479612255,-542.5526157316845,3778.9336807807285,2980.127833956566,982.8897142719541,482.52650789547965,2747650.123669649,2530956.8111458328,7833.562319633774,932719.3371425706,-46807.70226056575,52281.239475470284,-133.51124995071893,-78.59697072219407,361.12612530597613,55064.67136717937,64812.73907699644,4876.680675356635,11382.863416275773,-1509.3375401302803,1179.8192465708485,10.887214380964402,-135.5839717610753,287.1294599945132,21058.826091749957,30568.928655153657,2718.511851018903,205.46100983229948,-1520.28937925978,-1789.5785006367635
42,74.42544124430977,236.75636395323716,-78.33252830541909,-306.9482490963554,628.5633,78.38033586914497,226.29829555262148,-16.418227519935865,114.58805427580823,382.50125,79.46216770936442,221.69451788051379,-19.219111658884067,127.30196961104109,335.05917,81.07671759473345,211.6550831867965,-54.2962768448514,141.15904011084191,281.82266,78.34704498745415,226.519007741899,-334.72504309258187,-18.057356607564202,661.5898391153958,19560.203632881,25021.60613745462,2514.034664809183,-154.62912423961941,-514.3593644559973,3773.7422234819946,3245.2852161248684,-1107.8821847282716,303.82254816910586,2739051.189314448,2528724.465251027,7832.2805347944195,930989.2217007637,-46827.135930380115,52194.06463870293,181.87577597107077,-126.04607048164314,363.77147392995266,55444.54062533723,64552.48639730923,4874.874336000264,11529.58280294152,-1523.2092070648305,1176.4209825074915,11.15059236529111,67.70114797625837,160.41649726002024,21065.26166219438,30571.004551103248,2720.1339982272193,318.67144387341597,-1551.547397630322,-1775.4363366525452
45,74.34174052854289,236.15041781032417,-91.68124005688355,-348.9102991299921,625.9859,78.26990865403904,225.58371996040228,-21.33947239961562,112.94459965509051,393.3479,79.3411156656986,220.96078091651077,-22.65116729889399,126.83480770778418,344.7146,80.93536327048706,210.94283966262506,-57.81189449047787,141.5573771020907,289.61743,78.23643226046613,225.7998134779759,-255.69182116978425,-339.1824774816136,644.2048351063298,19560.51702054607,25031.61562652808,2510.539251724479,-103.89558140908018,-486.0559084761778,3768.277206356283,-901.4466039406605,1380.170058170755,435.1324449841478,2728804.658951719,2525693.9549310175,7831.525363138872,928901.7056391088,-46864.313924948685,52073.226578660324,139.4270900269247,-34.67342922651186,289.9477211515374,55830.37203394978,64292.2730355316,4873.4058348326735,11670.07754517718,-1538.700792872459,1173.7600585357272,-101.17103499291896,-17.431105182102264,283.40419108415745,21075.375926339388,30571.6342895382,2721.948162129443,430.6904084405954,-1582.5689431246642,-1760.9984390896097
48,74.27148110910518,235.65474416705018,-103.02678072941289,-383.1813746596874,618.26294,78.15777999833588,224.88223393271164,-27.02332669390611,110.08429689097039,405.5625,79.2118662599461,220.2055978002754,-26.44383781664688,126.06512458136918,355.4245,80.77219246810446,210.1551040803265,-61.97187800862103,141.89394240085724,298.88412,78.12410121415421,225.09372798424388,-119.85375524116549,-383.0555230370845,588.4777123065179,19561.645789967668,25043.973226289287,2503.985331801736,-25.80027990284116,-443.83857247652907,3754.628482801377,228.4874390969278,-2030.6352797477575,258.80726028671285,2716819.511702798,2521926.7881928347,7833.106895543694,926479.6431925513,-46959.3380132012,51910.98018958961,-327.2231380553916,50.38175352057183,395.40232999891566,56430.62331582196,63865.40012383986,4872.742905241991,11868.608397217246,-1558.362618269128,1173.4558241825985,-23.83171106620388,279.87257001421233,321.0895777510588,21099.042484851,30562.346871767222,2724.6984542814407,619.8846966308378,-1631.015879789319,-1732.2885933196726
51,74.15323854952493,234.85239630789715,-117.68506263187277,-432.8733850769227,578.0838,78.04341981665314,224.195048048407,-33.087833451174426,106.33042450083738,418.70984,79.10045948626116,219.5809869016775,-30.455331557226376,124.62583819325204,365.7192,80.66949837978109,209.68150193487958,-64.68592054500691,141.91391126432453,305.17023,78.00951336472176,224.40196771284127,-447.5345596137646,-348.9263488597031,567.3797607126671,19569.050685034883,25047.592646659516,2507.303730647314,-31.046260516168765,-446.4410914907528,3765.577168115387,-2701.183396995328,2359.8158692430743,565.6044725432878,2702344.597950002,2516862.339243221,7832.657419990117,923392.2178592654,-46978.38839602189,51743.20974547743,7.008251332886857,410.1309339814055,289.70480322940466,56391.37517826409,63973.85413786804,4871.083472572965,11850.747220388123,-1567.2340196381924,1165.4197367672834,158.6737165867894,110.91890561063201,283.565512131088,21093.3825508912,30577.13839079321,2725.307650042092,560.8081770407598,-1623.9440202342496,-1747.7026892318418
54,74.08101005947404,234.3702967237217,-126.78233701812897,-461.05030164737576,551.04016,77.9287099910009,223.51746366353413,-39.23083101026287,102.04209025296055,432.19104,78.96855026429012,218.85474818012875,-33.19922221223881,125.02672436604514,378.8605,80.50393611374079,208.9301261390465,-69.58866403779354,141.26279281460907,316.76096,77.89453764952144,223.72003327630947,-582.9887400051018,-275.17997141397416,616.4012954886364,19574.796791235065,25058.414996546013,2500.819389895428,47.62445749963801,-405.16696360162126,3751.2697731787903,-28.447047160864486,1420.8928309613357,614.0725713068279,2688057.220354413,2512239.473598556,7835.390455406607,920509.0223785863,-47078.780710085615,51555.640750381994,72.4473359274735,524.9784801658377,403.81938096194574,56995.99069094485,63550.77186360163,4870.944804667837,12027.602876014369,-1589.388375877137,1165.532858191882,43.80850385283708,193.5759936436703,314.41475480184545,21123.52510927879,30565.064342537717,2728.358236461805,744.6383587483231,-1671.3608627710005,-1719.2592114423987
57,73.990714301457,233.78771196109304,-139.6880642446233,-493.76889170282055,512.924,77.81182289996553,222.8539440902907,-45.4831249824895,97.13025366746504,446.16095,78.84151576330547,218.18395579085737,-37.88654645811652,122.97708007559427,391.21738,80.35822684764989,208.2996857861594,-74.09999043951059,140.46296509961505,327.1038,77.77738086977337,223.05207393680055,-521.4095766929323,-396.19582803518426,511.25407713244124,19583.98651553633,25066.463684846247,2497.9336338021426,97.13297006614773,-379.78570522440515,3745.664790243761,4118.950991644827,-2014.4850307311121,427.14758294852834,2671626.598282683,2506234.399924852,7835.791860748934,916848.0740733535,-47091.58294145446,51371.86214960058,-63.35051611518432,-70.08901691918184,190.50153738925312,57378.08452666047,63320.11587564261,4870.799300263838,12128.76746439666,-1607.2803119547384,1163.0629649644013,107.41440432573324,81.09783834682261,258.0832374893937,21144.829067544848,30561.718126227126,2730.8151527202012,840.516757624923,-1699.233512677368,-1706.2392385620242
60,73.89933026681852,233.2143380772485,-159.75003256268255,-533.2805002259375,478.0599,77.69346508784272,222.2025441929064,-52.200905183052186,90.94384713159164,461.25403,78.71291257229203,217.52672966358472,-42.61932457359903,120.6540048312467,404.04224,80.21087766732656,207.68498658665428,-78.82880265263033,139.48041245952558,337.66388,77.65870622354834,222.39644213520464,-622.7272081138408,-239.34867853504193,516.0277100546596,19595.3898137049,25074.297114507684,2495.023567434143,147.27730423582358,-354.7568862955855,3739.6859079033584,2302.7138835760957,115.35800902515211,430.7123243870788,2653739.5843721437,2499439.966729634,7840.46552844905,912870.0203064621,-47232.31242988854,51117.81074296616,-236.99723052599137,324.8309138866391,516.2820560929109,57768.607701988454,63091.05474826413,4870.807716162487,12221.288948493935,-1628.456652440744,1160.7517167517515,403.4640527599573,254.85836121101877,368.8183589943584,21168.97079643691,30556.950198357965,2733.351229873073,935.0710376676449,-1727.4637207050612,-1692.5441898207491
63,73.80686487562458,232.64942318040724,-173.3074029320393,-560.5290440106489,417.8625,77.57364545542528,221.56322912645365,-59.90995989139573,82.30075279296825,478.26352,78.58279568039087,216.88313022720433,-48.287772736068646,116.76700872405219,419.0119,80.06202419448074,207.086053833013,-84.22995509249151,137.40674202012895,349.90472,77.53854588026768,221.75298218846353,-341.7077864712633,-345.38420853513077,353.092208404778,19609.139356189273,25081.56341078272,2492.1915040331655,197.67707394915925,-330.0008834411852,3733.474635600926,2528.9276459958405,-2724.40086716682,491.46987864889,2634454.7851408753,2491969.4607755383,7841.503406646586,908472.6586609826,-47241.30481611773,50896.00823530046,219.6865390358497,447.6301621170759,523.1181551267854,58163.379058300074,62864.10623187727,4871.324365187121,12305.71269406834,-1648.8921436965645,1158.9750157914211,-107.84649954584799,-19.629150517475082,308.1891210481615,21195.686184252347,30551.909469552716,2736.1032797588027,1027.8949423786983,-1755.513726590283,-1678.9454951992514
66,73.71243009852795,232.08776059781454,-175.9805981808629,-565.6077074593109,350.07718,77.4523902765921,220.9359206356302,-66.12601887745545,77.33279300576639,498.53873,78.4515983160315,216.25453881492115,-53.973495256969485,112.50262690610454,434.67197,79.9128702970799,206.5065144746603,-89.84107578945624,135.06491828911768,362.4099,77.41695745835156,221.1214192540001,-424.29588689555516,-317.89343256128444,332.1177094768966,19625.422399199993,25088.200615995465,2489.6985820913405,247.0798921015374,-305.73118048324625,3727.663926436144,1517.3472667991878,2196.2575760661584,570.3171094777108,2613651.4894601684,2483827.4779627505,7845.543312871847,903799.9255790683,-47336.282984283,50617.70290149606,-124.87090077171044,-142.3749205761251,343.98205866579485,58550.7565170691,62650.86092942794,4871.989290836347,12381.411553953896,-1671.3026978286211,1157.2160204293689,-39.53220709463175,0.681149746852725,356.6091677190268,21224.01060590591,30546.519005500788,2738.991618956253,1115.4507846625804,-1782.4048948910556,-1666.1027793786486
69,73.61619259640578,231.53028025872533,-170.09285420436476,-556.5085676560255,287.0381,77.32977713146957,220.3201755452484,-74.14935304430145,67.0523635791015,517.1975,78.31925878835676,215.6406037144557,-59.79936035589656,107.78901958936567,451.06876,79.76326976885467,205.9450224995255,-95.62009719376485,132.51911283376532,375.10437,77.29397109267583,220.50160742907045,-193.5793669258248,-95.23380768488698,282.51966780057967,19643.112256490695,25095.142952980266,2487.274848826017,295.0992674384064,-282.91184182761515,3721.7889829477513,150.52624414113785,-366.06077228853763,360.6390200576987,2591949.7270156345,2474866.059360197,7847.471510305756,898642.3241177521,-47352.62441276135,50356.03890441855,91.00935239334302,-17.071400643891927,494.1248461811545,58931.491342469286,62447.591191517866,4873.050455548663,12449.43514481483,-1694.2848401160547,1155.336416634874,367.69974819772756,157.95086327143474,396.5856871235899,21253.85128635167,30542.30896824516,2741.9808100620808,1197.7235818038955,-1808.57569157469,-1653.707470600708
72,73.51903978266812,230.98203275098172,-160.53911483783435,-541.4472317864162,232.1038,77.20584298938519,219.71578758372,-82.5538356622469,54.57474702664607,536.8059,78.18552013252273,215.03877197555312,-66.17151373302666,101.79889130969133,468.86432,79.61212613525554,205.39678278786934,-102.14462898011591,128.67808239734336,389.57718,77.16963532018399,219.8932813140973,-515.8090526404172,-270.06066789832346,247.95436178020492,19662.27780234051,25102.877905017795,2484.9325824008583,343.3129945583833,-260.0274996168882,3715.766784963488,1455.3612292809098,-1410.3640792867823,429.5029347478868,2568885.6656722515,2465220.8191679954,7852.005216132356,893174.186772666,-47433.724168140354,50050.95142149175,-581.6283741006844,254.46827344147582,585.3117811039991,59319.30645917102,62246.71046235742,4874.424679779774,12510.993173738558,-1717.0411705258348,1154.0486149219234,-28.918709758575744,338.988111535557,351.9188233684856,21285.963300882442,30537.051782923838,2745.2726365812555,1279.9847932129705,-1834.2512577902933,-1641.6706574753564
75,73.41455777031996,230.41314390024766,-148.53729670907666,-519.3212118019509,182.83127,77.07995249977246,219.12519861680065,-92.33984289341532,35.783447926582504,558.28235,78.0521341510807,214.46237387131674,-73.76490090163384,92.57375019896647,489.02924,79.46620488053362,204.8898143731042,-108.9295478144166,124.03206107609067,404.6704,77.04331262793403,219.2988234378161,-518.7339979228868,-426.75539087886534,150.7226843316171,19682.661911740506,25112.010164989137,2483.860288519115,382.7254358688084,-242.3880744870568,3712.8403150158165,2595.2043677894435,1008.909144490192,624.7043302632744,2543648.319269253,2454151.8959816387,7854.47449895091,886984.7558135531,-47428.906868989856,49750.52635714278,61.63965718782285,97.66355771949951,431.04919088234556,59642.713331329935,62113.97481761225,4875.978061066816,12560.567856483256,-1741.0193604942917,1151.8434867357162,-9.221705796794396,426.9154876577055,444.1501226659054,21312.93363640202,30538.91460620189,2748.37985119363,1336.0873405763605,-1855.158237299422,-1633.8267591383017
78,73.32009902978817,229.90132081285887,-136.88617779412428,-494.45454099782097,146.19125,76.9541490762174,218.54046642825543,-102.35122850728993,15.159700300196063,579.82965,77.91475988662059,213.8748738358412,-81.81072488418813,82.10401163200723,510.5555,79.3080219144302,204.34716729003398,-116.65237318842878,118.47496707583866,421.29523,76.91705241087286,218.71038388325076,-486.98113413775,-352.00352189213567,147.93895680339335,19704.837255306116,25120.49738275735,2480.822710167358,436.8932275946482,-216.59147011457168,3704.1576163166314,-2719.08552417558,897.6843986866763,561.9818998637029,2519747.593911962,2443723.065681381,7859.248521024875,881056.2516764998,-47489.11485863964,49441.10024125887,225.98444189292903,164.20388293702382,580.9160448077048,60085.778090913875,61871.63852497498,4878.099931850101,12614.90592192153,-1766.8056691677316,1151.261342941912,-183.5968474823564,308.9328926007969,427.9966003753606,21354.666235258104,30528.86641444533,2752.139501867762,1433.6557244986666,-1885.1607298958704,-1617.906679933564
81,73.21872351447918,229.3708685000141,-125.79559958888454,-469.12622732920516,123.756424,76.826410234361,217.96927850579453,-112.68463644567952,-7.664670154149945,601.42633,77.77763891371585,213.3115347988957,-90.02296194770501,70.65371229983127,532.58167,79.15466921814297,203.84283810160306,-125.02819672915265,111.32701524207917,438.5209,76.78887476347349,218.13536673848404,-562.5505590440007,-507.01914530303407,137.3011384273069,19727.830595323318,25130.530230412875,2479.040278570738,482.74315785524834,-195.5524045934527,3698.4758422493055,-2760.254724937432,-709.4091738076155,506.96793038411175,2493533.6054174583,2431985.6782883066,7863.689363903618,874525.4207988138,-47524.716262056136,49105.17037691758,76.10413958953036,183.296582402661,367.1117869587493,60468.0283164529,61693.69886250197,4880.334968993787,12659.128549747977,-1794.792880064448,1150.0773338136762,189.48123437133637,-33.62746514130437,387.1574245008311,21391.497225780942,30525.413189122577,2755.862594779143,1507.157485499176,-1909.6174174398384,-1606.5564291308754
84,73.1162250741356,228.84752425734777,-116.54896828392533,-449.5186605312528,114.08947,76.69752618704116,217.40852406840668,-123.69983796765193,-34.877813208465525,622.0902,77.63939769257465,212.7598491268632,-99.49203843183014,53.600677500583586,555.9352,79.00033388875848,203.3514598220968,-135.0477801035304,100.92037260626368,457.57513,76.65950288978097,217.5709974923067,-244.69433322924544,-196.2904265848319,116.95113676677117,19751.977398765055,25142.296609840647,2477.409062051358,528.361592165628,-174.85936425698685,3692.889297749563,-1006.660553261081,1454.4747744579013,731.2152914846871,2466511.54200561,2419501.024466535,7869.117954483794,867625.3522532167,-47564.40727130853,48760.79192212178,-35.62176078275762,390.5077996751314,582.1831699419972,60853.6645485914,61519.64706303599,4882.996335059808,12695.71272252067,-1822.1450015134837,1149.1515916994738,113.96050360769568,345.9744781083136,441.80949528860725,21430.1949486418,30522.930715059672,2759.738248840528,1578.7612256556774,-1934.5755228292503,-1595.1752080741285
87,73.01189555449963,228.32744738425163,-108.51648405927301,-431.9374453530152,107.47319,76.56748334191805,216.85816879818066,-136.39041363658475,-71.51636348864496,638.5578,77.50036573005805,212.22072435846812,-109.81898950874961,31.69436967948105,580.0316,78.84598301418242,202.8749873300637,-145.37072320474886,89.72939318365582,476.60895,76.5289648908348,217.01705471237815,-351.7193579873133,-184.95446974179958,117.01344203300769,19777.323145528637,25154.600750521757,2476.0583582200684,572.4694255871733,-155.0490514163812,3687.6795541797856,-2640.0878338976186,727.304339273789,818.7437198963274,2438380.939668299,2406523.991705472,7874.904387827278,860469.2108263426,-47603.99127409723,48394.84086747377,235.54610187960284,292.2307987668174,607.6587582851939,61229.16504152487,61359.15757748112,4885.97253013637,12729.462149100938,-1848.7441565767933,1148.3667321858734,211.72054046701342,-81.23059783784666,465.2136874963614,21469.27841701485,30522.217951718667,2763.7650369199087,1646.4079045766211,-1958.4946621762058,-1584.6098903487243
90,72.90736351970502,227.81885755271747,-102.21865713854739,-416.48518509717326,103.28399,76.43630406367096,216.31803941156952,-149.36124709205464,-110.77102981217674,652.85077,77.35988112318798,211.69140161408453,-120.37625302279973,7.880849129431203,604.2334,78.68960228342122,202.40717905020196,-156.41067728234432,76.56193324286896,495.77368,76.39728248872406,216.47338850134582,-431.5481875770521,-412.3500545573494,125.97141929685668,19804.31641236728,25167.410524127932,2474.579503503987,617.6653922001888,-135.30663065114737,3681.8509288396253,560.5771899669106,-1167.31658043401,608.0780912225716,2409771.7834685333,2392742.0401272583,7881.777823203257,852911.2005276107,-47670.746680708005,48004.13248198974,-384.228675845053,385.46041563326287,695.000542370641,61617.31039032825,61194.403627129104,4889.255863024548,12758.313816118161,-1878.287111590936,1147.9832555583555,-142.00909309625354,381.4508726639143,504.23756423709244,21511.844430783505,30520.979301591615,2768.0208297610543,1716.0266376345578,-1983.564356652153,-1573.2791114354543
93,72.80030424430325,227.31016689605303,-97.41382402343002,-402.2598114851599,100.322075,76.30405939574273,215.78779115771732,-162.406753635692,-152.55505639521084,665.06335,77.21898753964277,211.1749908385495,-131.07008254057757,-17.668016375355187,628.29,78.53414253239909,201.95575890509417,-169.2343197049388,57.270495130209,514.8014,76.26449480073931,215.93975819633977,-401.1310430811071,-395.6091935733279,102.76762221859579,19832.631595288727,25180.791532331034,2473.602979719311,660.3698881180001,-116.63834952619888,3676.9938296042806,1025.9802946465356,2849.9097164730674,724.9649704941041,2380486.294600499,2378289.1335291993,7888.708211761511,845025.4322649846,-47710.8022775137,47617.63747899194,-611.8907459326962,31.315608906290812,727.3093349451103,61991.23061979402,61050.40266241767,4892.866953741787,12782.186799985042,-1909.169997184689,1147.3072542891246,-218.7402742038419,394.88181555830727,514.231647533289,21553.524577206266,30522.824009388492,2772.3882207253473,1778.9276514826233,-2006.7362738570114,-1563.3886847124636
96,72.69193157353033,226.8069770133722,-92.83923282806909,-394.36723270059514,93.76328,76.17078010614013,215.26724753442116,-175.4427149865069,-199.08360231979822,668.7774,77.0771613301776,210.66979471302767,-143.22049905941532,-57.16525616308056,647.1035,78.3781631244102,201.5164076731988,-182.2797084352752,36.9662886313524,533.0961,76.13064617972648,215.41594159100217,-417.91795884291764,-298.69884526729174,135.4682407484809,19862.38032457719,25194.779677193026,2472.7514506158213,702.4579400494787,-98.98873673291075,3672.1935284684982,2191.1501789843674,2711.4404352574616,703.512747561666,2350517.275266341,2363356.225405896,7894.490731198519,836893.5231393147,-47702.12246234468,47237.016172100455,24.499178844263255,147.55916091960492,612.0936578954347,62358.94999021774,60912.0958279886,4896.78548383837,12802.970876827121,-1939.176081227544,1146.9237306870336,-302.7448516647687,261.604705480592,575.5673030522983,21596.36778788217,30526.449485282516,2776.899703951415,1839.428847633328,-2030.2723596421722,-1553.6792360363158
99,72.59193171092699,226.35751839992034,-88.23434207757202,-389.64258952037073,85.6688,76.03595726860114,214.75926319118147,-186.89208584120058,-251.44975072647205,645.8922,76.92995742432102,210.16432714155184,-155.52015322731975,-99.98386010664014,665.54395,78.20926581416978,201.05939738427804,-196.47891342792303,13.778496801952954,551.8496,75.99525846280116,214.9046454346293,-159.72794044970217,-265.76787947802677,16.283818855586194,19896.32042489732,25205.42035556891,2469.9150425522325,758.8117921674749,-74.9440455059078,3661.3612188332245,-1091.9166275807297,582.3238947389249,723.2179853742259,2318992.2500731046,2347114.3375954134,7900.533745640928,828208.269210105,-47692.76744002664,46824.13571346999,329.50710469952486,114.78717208532856,704.6783531163481,62843.106283954716,60678.547685497855,4901.457979577269,12812.77985940974,-1974.2632698472385,1148.8458021355189,-218.93209177533868,109.43875184193818,514.5898411155837,21658.07782629441,30517.630545745855,2782.24350418416,1935.4134625196298,-2061.631327498786,-1536.2366914701215
102,72.4732827250266,225.82621175525566,-82.67611311668242,-384.10331585527115,75.20243,75.90111498546787,214.25479134132613,-199.3454452303688,-301.76490147931594,632.8,76.7902389392205,209.68794549393832,-167.01123527220054,-142.3822654790764,682.18365,78.0624602753786,200.66481893339002,-208.9010651979535,-12.583554079362035,564.25757,75.85984256528891,214.39696802669178,-684.2713104890936,-35.552507801492396,144.37373002592756,19927.191252724366,25222.99248413998,2470.910612650877,787.91089754337,-64.79516272247925,3661.460157843939,172.0866734748829,-2106.5805908123093,568.2040705164547,2288752.9965670854,2331727.8961332454,7908.868223827827,819830.5694040579,-47721.55081314319,46422.8608559061,-272.46100741305673,41.818526279398355,578.7307925196039,63117.06899223814,60640.88204739672,4905.759398911792,12832.5648409069,-2003.466795551547,1146.9775691485793,-275.6881042934109,164.93856299493854,562.9115134818918,21688.971139836318,30535.775843497187,2786.5575590074864,1961.8487011717039,-2077.5508003629384,-1533.7633066463618
105,72.36270295001077,225.3467909095993,-77.13896012431775,-378.85464789180674,64.676155,75.76479974518192,213.7624058986855,-211.6677882670915,-353.05239683584904,615.5982,76.6452743619412,209.2116561879937,-179.65649328779332,-194.08784994700773,687.9637,77.90319661090389,200.2532283992172,-222.1974317168818,-41.457848763853896,576.2377,75.72295259558832,213.9014027302422,-297.00851303091156,-405.48320971868486,12.987884442618693,19962.308692425537,25237.42381418346,2470.2244564460784,830.5310191170867,-47.72588635577659,3656.1188991404597,-1375.134750741393,-324.76100441111623,673.2437754157147,2257160.750722745,2315124.623603258,7917.0779897724815,810896.489481486,-47739.26715481095,45995.17140831896,-486.4571059343962,-66.140578344322,759.0828256697469,63498.93696729814,60509.59233818826,4910.711114803472,12842.477905558555,-2038.4690829162314,1147.446774686863,-252.91257880497164,190.07972605039674,603.3268498266366,21738.20959470766,30542.03759589712,2791.6688738484117,2022.7548577161383,-2101.7740856063892,-1523.6580285330226
108,72.2499385156679,224.86845160746816,-68.83732663396772,-373.87080482905833,55.34221,75.62759486396952,213.278830139328,-222.84764956129263,-397.82067586433584,580.0364,76.49994395629636,208.74641181954195,-192.87030857417554,-253.32622545519533,682.79663,77.74468687273547,199.85485921962064,-235.2322952711733,-70.46331492121291,586.70056,75.58511596748657,213.41483926036807,-121.39050483056224,-355.0377982858372,-13.539067547486365,19998.382663549422,25252.65321521113,2469.9240119841934,870.8862534145566,-31.897462354693367,3651.5352919494185,-332.70041840611043,1374.9359706594566,614.3969576036952,2225185.803271257,2298095.390063638,7924.491032187854,801728.7433175894,-47710.71058364123,45582.06928792438,-443.8816906710923,-183.6349749719558,613.7816439608874,63868.787112612146,60396.93648182762,4916.148214431279,12851.001324839106,-2072.230923941248,1148.0028809295318,-302.5032527026838,45.48375460121735,624.7753945418131,21786.842763343662,30551.792692888106,2796.918890497375,2078.090200600768,-2125.1005594902376,-1514.7311310698346
111,72.13607066042061,224.39615481014636,-63.386708847752246,-366.01493106793055,43.86154,75.48944608969076,212.80408877240774,-232.88882734056062,-438.3563310028219,533.12445,76.35383144316103,208.2904947012928,-205.57666425952505,-315.00632962211813,674.9806,77.58556654620222,199.4660986887286,-245.15506602392148,-104.58576609688551,593.81476,75.44634648478326,212.93709747872833,41.86756209964204,-160.59872084404134,54.56118055056799,20035.94539102717,25268.697071971692,2469.6055863118886,911.0694168600121,-17.112755601219142,3646.7909495839185,-1562.9587516138115,462.1368690585184,495.26430248089264,2192910.4567848966,2280464.541791654,7935.5195835952845,792352.1524436445,-47771.7813109407,45117.08268664476,-470.08284881010354,39.55068020653381,772.3021869550358,64241.4427658037,60289.00720880865,4921.76861024948,12854.825838135823,-2109.275284984504,1148.6002185173784,-469.3351368241711,109.5738525307512,573.8717973652649,21836.866176092248,30563.173763400904,2802.339582002521,2132.6445700522854,-2148.272045856147,-1505.9241544343188
114,72.02122345240791,223.92999272781887,-57.95952823977251,-357.74904226471006,32.518715,75.35040880634051,212.33788581081177,-240.98824593117948,-476.7770614460962,480.3233,76.20686715008797,207.84378738839428,-216.6992176643384,-374.0873234166403,640.58307,77.42582897696423,199.08630794296576,-254.12942377535344,-139.05208149514306,599.42426,75.30666870018004,212.46799206671002,-339.19220220451564,-322.25616246718664,7.781839403720062,20075.259458548524,25285.07182420892,2469.5886144062974,950.9869984949986,-2.0670191474444897,3642.4519645934197,2035.8611241121462,-574.8954846815486,382.97376324110115,2160343.439344185,2262381.930797293,7943.290322867088,782762.0945317167,-47719.54971675648,44695.43920148062,-604.6701343913869,-253.58278635620167,615.8603277335865,64614.03701046942,60188.67307212166,4927.944916060527,12857.738156596475,-2144.3027213038863,1150.1048249006903,-194.6726918906777,312.3378801064778,608.0357098393613,21888.329235710036,30576.403541858017,2807.952243154114,2186.2382679328043,-2171.7153699917676,-1497.2669967847746
117,71.90595824293052,223.47201335886157,-52.61103533244346,-349.1500350186597,21.397493,75.2105208012644,211.88005741604448,-244.12624711584473,-508.0705719904189,421.4808,76.0589668994822,207.40513930202752,-230.92351164204683,-426.8756244409389,588.3578,77.26489646073077,198.71377842426347,-262.68912774260065,-173.09256487063564,603.70105,75.16612558839924,212.00731338606857,-249.77457135603805,-166.13681003565074,-3.135190752034255,20115.783660535773,25301.54021939744,2469.4004503214287,990.918975600331,12.209868183278624,3637.42500528945,-1250.208243804924,-337.0176031223146,491.2175463599782,2127306.8970549116,2243905.5996476137,7954.250047697143,773032.6638466042,-47751.0981233482,44216.83133324767,-476.35605284040554,-126.32593737969874,600.3795914289974,64999.24947190863,60091.34649957512,4934.525666255452,12856.770214254326,-2183.0499259018798,1151.9183158774306,-417.9308095948441,13.902088013353875,637.4034775719342,21942.344464268088,30590.12980783477,2813.774364345276,2240.665289587296,-2195.2734163549685,-1488.3297310980859
120,71.7896373604538,223.01958084326128,-47.341871151773994,-340.1599335869843,10.436309,75.06979567997485,211.4303807476655,-232.8615407570752,-508.1876231148406,352.81744,75.91029218905824,206.975426656754,-242.68942184290054,-480.44949138576163,529.54254,77.10356284108154,198.34983472243562,-267.19309031459346,-219.08789772720726,605.57263,75.02473461974937,211.55485678609688,-132.09684347299674,-176.00801183937415,24.254444077682763,20158.00585801053,25318.94153201418,2469.48807071596,1030.8176309667178,26.391121605854476,3632.832685613571,-1155.1404816095633,16.784197459193877,464.8380141354797,2094324.0825653253,2224904.422873604,7962.939784449846,763072.6321005209,-47690.658070595775,43782.027283578995,-303.4266846113034,-293.31552593776007,563.8539693318148,65384.44344919789,59999.85821858452,4941.505180278526,12851.498491058906,-2222.188025645206,1154.1613717703228,-545.7011500556646,150.60312475396873,607.4672146316348,21997.1974095874,30605.588516507036,2819.8240946748674,2294.017268008864,-2219.7231752339226,-1479.7716236419567
123,71.69635239007248,222.66569919041882,-43.41927780481763,-331.8169141021738,2.6873064,74.92799855907997,210.99085671337562,-218.6667625377375,-500.41590696532586,283.15338,75.75135123135914,206.53050963597065,-251.53473726165856,-538.2751155130294,461.64285,76.9143148583875,197.93858428146567,-270.0970823094915,-276.95534503920095,607.09717,74.88226454823926,211.11260172120325,-570.8330336701846,-91.07763973791869,21.56788180645445,20209.621290582156,25323.590890370673,2464.9028587247285,1101.3127958245184,56.62098347579414,3613.5516688964713,1519.5199904993747,336.3624887341326,254.4322637405477,2060639.2231508703,2204984.3953676084,7972.705169895711,752791.9629335821,-47643.238290629124,43321.91653760094,-494.6926304651048,-660.6616488407909,448.0538457796656,66008.59622947694,59675.46050600695,4949.797901687718,12784.192640700488,-2271.330395504491,1161.8437865956791,-204.12294500710894,-210.3082345888718,526.7478642848852,22101.340192518488,30584.78024882307,2827.5662872718817,2424.649562887475,-2261.0001787172623,-1453.1406367344205
126,71.5144959895369,221.9849337800936,-36.32332288371014,-314.1940107664693,-11.090353,74.78583230767279,210.55543426977715,-201.8957799709991,-485.8281552652327,214.90594,75.62603184417898,206.1833385152334,-247.7127825521319,-545.3566641825826,392.40637,76.82344490645936,197.7423589227465,-271.2504370639162,-304.20796487742285,607.91235,74.73942485329927,210.674476946533,-582.752854712761,-303.51373777974254,-34.52023071287124,20233.578285314372,25376.83108692803,2477.8010447980596,1057.5693140516923,25.422483130728438,3647.5722406208647,-1394.429933548497,-1037.2023495246144,125.36829678770385,2027676.620977086,2185512.4453495047,7981.481218265971,742625.0076899788,-47560.64272310917,42888.235295924394,-932.0596951223574,-620.8620230022395,409.56965101971235,65777.89375851538,60237.76261526842,4955.100927770405,12933.970730887404,-2288.5118037350444,1152.1144803339087,-587.0893842523283,-110.87938185028376,625.0932413609216,22034.571476345573,30702.39346272221,2829.864883033201,2270.706527063216,-2238.256300008988,-1491.6095652583638
129,71.43300021516433,221.6892655536051,-33.33340483285104,-306.04398703767794,-16.893778,74.64279798494586,210.12867871693274,-183.7742780733646,-458.6367425695418,180.85149,75.460903819214,205.7377216091797,-237.85377972809144,-535.986658932799,291.9886,76.61861261414751,197.31135707960524,-273.7052518587213,-379.86793670843616,585.3516,74.59567444166709,210.2451816954444,-457.694954453377,-88.10869304375873,17.611198316656477,20291.786575441638,25375.238371088504,2470.6392165294665,1144.7143400850896,63.856461048796675,3620.1146726059437,3532.1770893059843,1273.588080680955,199.17675931841455,1994435.4217054374,2165264.9685303126,7994.127076600557,732212.1255035122,-47562.106205058815,42403.412885112586,-260.52064009021984,-160.7149460485484,166.22044114304504,66547.93022476972,59794.72708696196,4964.725013137895,12824.761857433426,-2346.1034221872865,1162.95359120702,-600.6088987313115,-15.311879604488663,600.4901189575544,22166.722045991646,30664.668856260156,2838.8575837982207,2443.2405584841667,-2290.086857911471,-1455.6924375051137
132,71.31238548748676,221.25752011071796,-29.110957282633404,-293.669090266206,-25.06909,74.49893835259329,209.70995875939204,-168.61061001511925,-426.0062524689896,169.89922,75.30972781569189,205.3408633331569,-226.5318793420952,-521.0771126461902,196.48953,76.4559225243898,196.97999965534666,-275.2469548202297,-450.82835832586505,551.5593,74.45110972844832,209.82390711547825,-257.80945785259144,-190.12015775417336,6.964743608131812,20339.032290826308,25395.09757628699,2471.318672181465,1181.8780593634824,75.83072490898077,3616.104999545305,2853.2511385865732,1606.1767935778066,188.25948930714813,1960837.0542235062,2144605.2898761905,8006.793397099273,721632.8341159846,-47562.90531109333,41896.859742084715,-415.2521097151411,-595.4323590832648,219.64151229836844,66945.08303110657,59740.8595458405,4973.227777990513,12809.523915541018,-2391.417825526204,1166.328709563715,-302.1421635584385,-407.5596452535676,637.393429306735,22226.678248463115,30686.993781840876,2845.611611798236,2491.1650715735336,-2314.3436709075568,-1447.8458239009287
135,71.19100360708313,220.83160536685253,-25.423707700874875,-280.5558356829854,-31.018717,74.35435222620964,209.29852862207508,-155.82524842833848,-393.72742171158825,162.8552,75.15786293923085,204.9514991318503,-212.69362625215055,-489.07619403653376,139.59962,76.29261444061319,196.65571018429,-276.0415457377499,-522.0308978058536,518.59546,74.30580263814686,209.4100141506099,-321.23795368448117,-652.4958254634437,-108.82774020217641,20387.561523066608,25415.517260689438,2472.1346203409917,1218.8470831767427,87.38288223688599,3612.1696208032026,-2650.903917522614,-1103.1099139629162,101.9688871716362,1927377.079716613,2123522.213130509,8018.95876105754,710909.8472333687,-47518.237064210356,41417.7405080748,-714.7279717064259,-162.82736771293256,124.86206420284084,67346.21626809271,59691.95893568947,4982.024430827598,12789.33447850472,-2434.622002239894,1170.4109378186395,-502.40118830858205,-332.7087466528662,527.9826989232921,22288.10382978068,30710.981971709705,2852.5120772678283,2539.0307350337284,-2338.269416080778,-1439.8176628878596
138,71.06860522016432,220.4105547701887,-22.188152418188324,-266.9813205157905,-35.21544,74.20905448300293,208.89424456718092,-144.72514567598893,-366.489179682644,158.32147,75.0054304093571,204.56967722845667,-200.61197914113046,-441.02413692863576,130.1907,76.12909851742305,196.3386108031191,-268.56368291735083,-546.6032039436907,421.50464,74.15978303676641,209.00329622078652,-180.6770464088546,-261.58659868764386,-113.18028692339121,20437.39893079899,25437.087345157935,2472.97774607444,1255.3070651381063,97.96348862540373,3608.1947345267426,3465.654015140214,1133.0469902083892,265.54643717502194,1893829.8207906038,2102153.7734657084,8029.641997305264,700153.3548087203,-47413.20547007877,40961.19887300809,-272.1648838889582,-458.51658804979525,113.46070915368055,67749.72150302363,59650.771679238525,4990.991797409384,12766.087121192739,-2482.0314894158764,1172.8514688528596,-449.96014995297094,-588.5423899489235,450.00022717302824,22352.436090693573,30736.767992278958,2859.620225844053,2583.5395424908193,-2362.652086118639,-1431.8130669312252
141,70.94449541789312,219.99211269228326,-18.387408518639386,-254.80679015026507,-35.193817,74.06307848358675,208.4969037921806,-137.93552565390792,-355.91147586470714,154.13397,74.85276572833276,204.19566943454146,-191.8864051869548,-391.39620916906665,124.47551,75.96604068351915,196.02994552710624,-261.3429772876699,-560.2919647030642,318.3627,74.01305967954231,208.60361357452018,-116.39342402688291,-188.94349292667619,-50.525170835684754,20488.09105688848,25459.639438791823,2474.1939019051947,1290.3448668532376,107.8883103051774,3604.9735987635468,-265.3670144868373,-722.4103803397252,81.76896500123729,1860583.5874133252,2080490.5470151578,8042.1947344117625,689252.3016350806,-47346.37404484262,40485.03155276774,-130.08071443005952,-287.94079456286744,302.2132403361456,68147.46827762573,59622.845106344816,5000.417988468948,12742.172417017353,-2525.8832693093,1176.8922375104157,-572.830170721578,-403.05694041777343,282.74753751672785,22417.406508906355,30765.683827427176,2866.8314197908403,2624.093007830439,-2386.7120893861784,-1424.384247733454
144,70.8202860947674,219.5813321484086,-15.765040183340737,-241.1613839165757,-38.127934,73.91642525428584,208.10638763576475,-131.6164291989008,-346.60611484764024,149.42766,74.6991827270883,203.8281005731263,-185.2238556121794,-349.429451050182,122.254845,75.801810860925,195.72623461608572,-253.9107697579369,-574.0037899421619,212.50972,73.86565790368117,208.21078486866355,-194.18710424973023,-222.3451323795706,-70.4713284482797,20540.412606203,25482.52591907601,2475.3416867576366,1325.9055072412273,117.60627467014713,3601.306223734459,1857.800203882051,535.9612651592702,97.79999105681603,1827419.0133938782,2058596.0626539781,8054.674381000489,678320.2389815943,-47267.49323487764,40004.174148051905,-419.16495985727727,-481.35772652247806,280.93948001688614,68552.28680126139,59593.34703644266,5010.136243433309,12714.820561629234,-2576.0667225425523,1179.389609146253,-345.22246192185486,-152.24559639134048,281.99033316644386,22485.114691767576,30794.979590278563,2874.3554438708843,2666.043990693368,-2411.3344033103504,-1416.5707589621734
147,70.73059960392229,219.28889959797053,-14.158705380649865,-231.69010550116082,-39.087704,73.7690918624881,207.72288218241786,-125.14587993957196,-338.4220563325397,144.6595,74.53180950313038,203.43750268594462,-182.14459064895146,-334.86771814807406,128.12616,75.59924053735276,195.3628205418725,-243.18403848775623,-539.4331886349587,130.52885,73.71756624147433,207.82504073025927,-267.75266149831896,-266.0415374171895,-6.009793670050183,20608.191974544072,25481.837196266068,2469.5918978809423,1402.492868387122,149.77348838957576,3575.6785568457226,-1479.6002767983975,-881.9447009827757,236.79060382186924,1794325.0280483647,2036388.6776174481,8069.451254521035,667304.7915770645,-47230.28985657838,39496.82241344679,-513.8130139871141,-238.22013026713685,206.49435566548493,69251.0589282356,59230.21314234035,5021.8730324893395,12551.300610280108,-2636.5914823900207,1191.8396907669623,-407.8703491839681,-543.4682477532317,169.38935633645363,22630.023384863052,30769.81844762156,2884.639138273356,2811.114066848008,-2460.4274681429906,-1384.778572594841
150,70.5434206258522,218.6956720524222,-11.689269956924033,-213.6490650443206,-37.605236,73.62099305236471,207.3472259070016,-119.48675535558645,-330.7222923805943,136.13904,74.39983920555412,203.137181766351,-180.74998040673148,-323.90253501198015,132.06844,75.49956742139813,195.1884798544404,-237.68007075025108,-509.2845877414811,102.44867,73.56870805522924,207.44717799258422,-202.74684124620154,-170.57047365992713,-47.38457840521806,20638.250774449443,25548.19598251199,2483.364023254808,1365.489220282086,119.38097553622171,3610.7425197276825,1330.7195224732113,-385.04763287347976,55.14033199748571,1761161.6360745504,2013798.0321229468,8081.73287115559,656146.4010413408,-47101.49138961884,39036.22306369852,-141.80468673449943,-190.7306151612586,104.43901220448558,69140.21432947968,59788.13491796144,5029.808009737047,12756.819739174114,-2662.4809988524626,1181.249851969186,-484.9422484264475,-413.66742821934304,110.1085076283832,22567.922072318077,30904.241960205156,2888.377481373882,2677.554588143825,-2443.1014183678403,-1420.147236269104
153,70.44142532964483,218.37605228713997,-10.582690938309103,-204.13771490153323,-36.295403,73.47262510179368,206.97419299964128,-113.79957436084533,-324.8796037637527,126.31117,74.23569824737308,202.76646750747807,-177.76078760558647,-315.3725308150674,135.06734,75.30820905732223,194.85456377862943,-227.30896871815506,-450.13461604373833,48.274044,73.41955382238423,207.07201128678477,-54.25568467585774,-150.65995615204517,-60.25167741400276,20703.69858828053,25556.496943770235,2479.8953040655965,1428.7124967021591,143.54331271649136,3591.928180927233,1228.5362600516,-562.337171528811,103.33533638268993,1729141.526410618,1991657.2840057719,8097.941101783535,645225.1448435439,-47073.40871324643,38527.17455561799,-180.89368367268645,-99.74419972138124,185.43661346103886,69749.9845034093,59534.12476456418,5041.745527913971,12631.142601949323,-2722.5949956965846,1190.387334159887,-170.62618059428993,-615.1864990201025,55.0517236126627,22690.73095378123,30901.54839839579,2898.425613444176,2791.87662943258,-2485.5939006467424,-1396.9404717487344
156,70.31427570972279,217.98651914759847,-9.469766206756207,-192.67519401590755,-34.236492,73.32346084278777,206.60940601198757,-109.48896642110655,-317.8515690102845,116.739914,74.07990366865084,202.42476176455432,-174.37334273008676,-311.89424676698195,129.10861,75.14215434050588,194.5744628941318,-222.36094789630366,-409.2998768857008,28.9125,73.26961171476641,206.70513298149265,-64.69574506528645,-208.49189314431155,102.0596545023345,20761.33347846762,25582.28340248908,2481.575833894196,1463.2809414022295,151.93667100014724,3588.677753016666,2062.1340552460288,-705.7220643281034,64.65636305719609,1696885.6843105678,1969037.6240340043,8111.285623117508,634173.097065335,-46943.750845736184,38067.2920719106,-638.6462967269315,-459.172811410575,163.1462519694545,70157.39332348832,59516.25121171767,5053.135261897509,12597.217115879479,-2774.196615007515,1194.6037802359044,-366.4131323634425,74.51936097201767,77.53188041736354,22762.4767973366,30939.52265316898,2906.955224919587,2836.4390786631616,-2510.8265517996615,-1390.3172206960414
159,70.18542605417068,217.5991615052603,-8.372364146339214,-185.5649988186627,-28.844416,73.17372778661534,206.25068186359422,-106.30976771387387,-309.98156847171185,107.34605,73.92392402495551,202.08997963696257,-171.39380665493763,-308.3838902613216,122.66818,74.97683259676239,194.30140367564735,-219.11656162105862,-380.4606679930068,38.827457,73.11908044808128,206.34437886552004,-109.76758999588385,-2.0273826508834816,-38.136188955104586,20819.14822132337,25609.15336669464,2483.5874463505047,1496.037960980165,159.2461142236132,3586.126993535485,962.8445887329592,561.4581991106542,105.98256987626138,1664972.2861635033,1946253.5634450591,8126.7562159133,623109.6052774652,-46862.46016187169,37573.735806224766,-287.0815901770575,-564.0786369707965,107.97970891723786,70557.92332096855,59511.99881849337,5064.887738358014,12565.814941212266,-2826.446592404224,1199.1144325426915,-473.0789566666994,-470.1904935648236,-48.80313088589877,22832.403790267555,30980.351567250626,2915.6923508018267,2878.472863443195,-2536.049711869185,-1384.8019277937278
162,70.05590736721354,217.2168398086851,-8.111904622781342,-177.24157404473306,-25.20657,73.0234274975243,205.89789111612487,-104.35151366976352,-300.7485367629789,98.01245,73.76744601991523,201.7611023493926,-168.5475770887554,-304.8461816333848,115.630516,74.81104302275192,194.03365824693265,-217.38007850912726,-348.31841173721955,38.192562,72.967973318642,205.9896091291541,159.72066177634886,-155.15620729187205,64.19459258360293,20878.250646641467,25636.83269537362,2485.600543312382,1528.6508191865294,165.9372081457385,3583.4438523302433,1150.5166772568184,-1690.244161671034,-17.306057371345904,1633449.3908845612,1923291.5376235894,8141.92569449183,612054.800716367,-46753.88189332754,37096.730782614126,-201.16400197828054,-255.99323912669632,202.80818845191305,70963.22377211823,59512.390903121246,5077.041709141633,12532.419594439529,-2882.0282259171067,1202.725305070328,-138.59134578653146,37.71602802590646,-39.68654439077723,22903.758629303124,31022.373485428438,2924.7173006632224,2920.0084588308373,-2561.9442847216997,-1379.7183957972122
165,69.9253705016251,216.83859494233488,-8.164092883179663,-169.3055786218852,-21.468063,72.87252669061606,205.55096448674053,-102.62456975357588,-291.82111025040683,88.24274,73.61059279416483,201.43821240094653,-165.23933180397995,-300.8900435363549,104.92169,74.64524163465991,193.77151294386348,-214.9662974164616,-329.38434754603566,37.414227,72.81629490490414,205.64068902989192,-191.43659888234157,95.61377169122235,12.745694900503555,20938.5952687816,25665.55643287678,2487.9042183937577,1560.7308067563808,172.2850543872415,3581.286286418538,451.3988091643628,1137.5431141099234,209.77559141709537,1602071.3464752869,1900335.8196685754,8158.497291955702,601048.0682214147,-46665.63987750789,36602.8580757199,-63.077739094445064,-506.72893744634314,21.146943520323468,71367.34512872352,59519.25244764148,5089.580597585191,12498.345113980575,-2937.2086727434703,1206.989208737257,-244.40406841256913,187.80328427596015,12.94003187535899,22975.54031118919,31066.45367545832,2933.9227327573035,2960.8228706403493,-2587.7771782318146,-1374.693518022893
168,69.79451533710085,216.46622375561032,-8.570409972474856,-161.90347290341248,-17.731266,72.72114162695487,205.20961791352227,-101.30884726138358,-282.86480624604553,78.187164,73.4531409253139,201.12066983408008,-161.7869216451636,-296.8361667751662,93.59236,74.47870061696597,193.51374177734692,-211.89446965904577,-320.5305885879764,36.23226,72.66407612604615,205.297478335229,-178.70174172638684,-1.987856859996299,-1.4475145545362542,21000.219008644683,25694.66049536294,2490.1126284720467,1592.9258287481434,178.12956754863336,3578.6660121157033,1153.4280062553344,1795.1902325021783,167.49907971263264,1571091.8346617674,1877314.6504063152,8173.626445024044,590029.1395291614,-46515.89288346035,36154.43949710165,-185.01109205607597,56.972376728096705,299.6813469255723,71776.49794781904,59528.013786742915,5102.645214380143,12461.401547345937,-2992.8905790404333,1212.078715181549,-18.416964282678464,-275.71344673602783,56.76715170481298,23049.191471359703,31110.58533297298,2943.3434294209624,3002.238925960638,-2613.4749858479863,-1369.1161650413694
171,69.66294354076754,216.098373826153,-9.365230088295348,-156.33076428085494,-13.945015,72.56920530763068,204.87384304765743,-101.4327469567165,-271.78810600270896,69.29797,73.29525208878792,200.8086499340804,-158.18863071402424,-292.8006470978079,82.38531,74.31187809445443,193.26090881300104,-208.97037170771196,-311.81213112043423,35.31276,72.51132621822849,204.95984073444808,100.2639746609349,-228.78573813260402,-11.018528966880936,21063.190135289533,25724.513489964043,2492.5886687761626,1624.6369516073576,183.8519775635133,3576.4448232666,2291.6475000343507,-2228.8091201775496,-59.102532353704426,1540479.617309612,1854185.2410688126,8192.210463023608,579090.6533289249,-46463.865506640446,35626.74756482032,-137.0776741697622,-261.94935043484566,182.01537415217717,72188.49261834446,59540.32897022331,5116.033254425655,12422.064076068538,-3051.3072298530683,1216.6413348296637,-288.182667878163,-274.73396966205684,3.3275317257485053,23124.1191048574,31156.294032701524,2953.048508411294,3043.289994211101,-2639.8848938967603,-1364.0740222066927
174,69.52104953464107,215.71200450180459,-10.116210198446385,-153.49755385061115,-9.505456,72.41658350908425,204.54608594438534,-101.77664314675427,-260.8039549758389,60.098495,73.14015615395603,200.51130366026027,-154.8528854157572,-287.26833489085146,70.21993,74.15432880317752,193.0298932225061,-205.74557385115205,-306.2092749438191,30.755327,72.35786323881881,204.63029879694705,-165.68132315402613,-125.6847622114457,5.674974791669538,21122.927415268303,25762.552827420037,2497.0796288148044,1646.0562371642397,183.05831560390763,3580.365784518331,-1842.163877561658,-1425.0108102541574,-29.155009189922353,1509959.5696501601,1830524.4235597164,8207.850733217338,568056.7278159368,-46303.66320831231,35168.51246500711,44.426000262646454,53.93077496251274,174.78813885514876,72537.93441883764,59646.24117303132,5129.515261004934,12429.42499632244,-3106.4408488123145,1219.5519811822526,-207.9044146363028,-203.52173005361848,81.76547361581763,23178.6340330068,31219.410316886733,2962.2467268227965,3058.510412210119,-2660.3675109199316,-1365.1580353263455
177,69.39728118394952,215.37537508664374,-11.50740826017958,-149.12902389502062,-6.6647444,72.26382005149716,204.21841920261394,-101.53917496231541,-251.78400212074456,51.669495,72.97834420886451,200.2009390966644,-150.0986635569918,-282.29221832418625,57.157692,73.97783030532348,192.7699449896193,-199.6830947333869,-305.2982350758595,22.581303,72.20427754721709,204.300836682383,-249.88331637907515,135.31125719236718,67.42072663275344,21192.442413439894,25786.694699647323,2497.9696845148405,1686.8050003435806,193.6763043548086,3572.5910708307733,2342.9816734323394,-1146.4632656592923,-75.92655347168527,1480428.266646434,1807809.1287937076,8225.762816120068,557373.144070127,-46204.72815081325,34679.09220380981,-300.1956123460114,-168.60479590436995,146.07089952004017,73015.74229245212,59583.622070802754,5144.273714532446,12341.360044513942,-3169.4091720495335,1227.6996649447633,-93.77063101176756,-256.93720608456823,-66.41557370320012,23276.317121364787,31252.005431803558,2973.1173358193514,3122.872207923138,-2693.5416107667843,-1354.670776672328
180,69.2626843689419,215.01863974899737,-13.29492022590929,-144.75436875599817,-4.131361,72.1103635443053,203.89853091053573,-103.7845418004482,-239.89689015586114,45.658165,72.81952932630648,199.9052889228184,-146.7964119072706,-276.0259409628136,44.47618,73.81114731884938,192.53229026622785,-195.97379536204897,-301.005478078097,14.683162,72.05000605219914,203.97919926153534,0.3438125038931048,-125.80737594760743,30.923232259764397,21258.291337931376,25819.50998120338,2500.8601498101743,1716.6510125695813,197.06843316173124,3571.042773782863,-827.8440838159036,-814.2269824761306,141.5199600817848,1451086.609492291,1784695.523736998,8243.349556449424,546598.3579846825,-46058.12617922486,34227.16698990969,-218.89989238055398,140.7915872946294,48.64304241089894,73428.06321826008,59618.7223597101,5158.994939748359,12302.26810352677,-3229.772211298656,1233.2369836647856,34.375172519480586,-443.27706055892554,-5.72301730413141,23352.618358398988,31303.512516508712,2983.4435624146618,3160.5959826651647,-2720.2593243763076,-1350.567291621402
183,69.12902687296618,214.67054593553482,-14.924415150240948,-142.2066475371362,-2.029157,71.95647114669647,203.58366593355558,-106.43955224320517,-227.98284618416992,39.694298,72.65972001760761,199.61357282989098,-144.4318083154075,-268.2644390218552,32.18913,73.64253617117637,192.29664953186287,-191.87654709856298,-296.21176246505064,4.5975466,71.8952477533727,203.6626788000993,182.53784465218757,-16.09670462501493,-68.15761579841231,21326.35332441948,25851.72074522015,2503.661343724742,1747.7889669292235,201.31947888390684,3568.7461513141584,1617.3136891249546,-6.961716342982868,95.33466597017801,1422145.4092586748,1761561.2674786134,8261.840520649592,535927.3844632455,-45931.56690449574,33753.59224296655,-168.32710932067025,-161.6228638342438,94.84262208046941,73853.01331242829,59644.579041062854,5174.226242042888,12254.084097381787,-3293.8071142989957,1238.8442510193581,-246.6169047374018,-128.69237894869218,-20.697281858930708,23433.91531577155,31352.88450267099,2994.145453150005,3201.671152973725,-2748.194875808315,-1345.4593595750864
186,68.99321041200542,214.32267040971348,-16.701212518800865,-139.54267372691788,-0.4145083,71.80210697319191,203.27376114796985,-109.07235579165899,-216.31242254651235,33.10374,72.50010623356394,199.32772560661232,-142.7100028285072,-259.3030056550487,20.166208,73.47528056607555,192.0674290914131,-187.67499870327933,-291.0479720062859,-6.632565,71.74003007366413,203.35112363881424,-222.50959356536794,-182.24060821531964,-22.801383715229036,21394.72929455507,25885.73640704354,2506.9164351221557,1776.8327890972053,204.16791062109792,3567.5678181983876,454.8945065755757,338.16830633097874,26.6981499680178,1393658.5030518307,1738439.8266384597,8281.408941434973,525362.481090224,-45822.25467215368,33265.96765823338,-367.36387256742233,-707.9982331461474,40.25700640421434,74271.26361389348,59688.42794285263,5189.90171808246,12211.885827782693,-3357.1546773942714,1244.893981310397,-15.300754846004878,-385.5836129908314,77.02958554538361,23512.575709086803,31406.813853365536,3005.0188698136094,3238.6999493493026,-2775.680847356034,-1341.6334753547567
189,68.85739907932742,213.98077148481383,-17.487892742029125,-138.78033409310459,0.387475,71.64727134287037,202.9687031923795,-112.502683242237,-205.21109401319114,29.302395,72.3398825397196,199.04616181527558,-140.76175979217365,-250.4076694875384,7.9720016,73.30708190544945,191.84138312864434,-183.51369986180717,-285.788442263135,-17.959913,71.58435461680784,203.0444426283595,69.46959015341622,-54.935434866208524,-97.53406140544044,21464.57954657299,25920.27695651314,2510.1526151455305,1806.518620633154,207.08985420350461,3566.1677383718597,-1187.545226025242,-1726.0040748580413,-10.386584022109147,1365581.3847875777,1715406.6538739847,8299.009554701048,514833.6887455946,-45631.27154201448,32849.36705442224,-438.25660567473903,-367.57908828088654,-41.999023526261624,74695.95893967773,59730.07446056619,5206.0043135060105,12164.431904754008,-3423.6892526085207,1250.4124749242665,-160.5479606874853,-289.8268503389811,-71.93445076027047,23594.031250662716,31460.736836859727,3016.145653172497,3277.1120837921603,-2803.592107084596,-1337.2721299704135
192,68.72053252785955,213.64199998507772,-18.79658313079901,-136.20792111047984,0.2956261,71.49200927524632,202.66835349487863,-116.35580337025613,-194.50832691009612,26.47545,72.17942287386008,198.769528741461,-139.4023083330427,-240.78243769384898,-3.138568,73.13911086815514,191.61985416491675,-177.8836233582204,-280.7638240862535,-28.944017,71.42823762430673,202.7425161300259,-16.578380657641375,106.08390261262944,19.828114074134106,21535.467239613172,25955.451687879016,2513.719864360424,1835.2914982932675,209.66911555095643,3565.305490697659,-1326.3440166682212,-814.1367558374099,15.804217111397229,1337962.5833744274,1692407.9490764884,8318.52626540109,504448.7540269612,-45491.68884125753,32384.767536894466,-61.41019032137362,-360.4882432718071,-171.60147580204716,75120.69543489075,59778.65331214846,5222.543776016332,12116.935948875776,-3490.0318931662837,1256.820249077477,-427.0855173729293,-271.15160413167894,-22.778100175949938,23675.455454183095,31516.511137444635,3027.530921411306,3314.05780435355,-2831.762907530641,-1333.535624270022
195,68.58402256547186,213.30969084481455,-19.484650270492526,-134.04076656664532,-0.68343455,71.33630873922239,202.37260975089416,-120.0592865631127,-183.9891712085764,22.95604,72.0182794556621,198.49678247198582,-138.81828599528018,-230.05542648281707,-12.972066,72.96992340434382,191.40094989140968,-173.84431404187768,-272.93531743513256,-41.007496,71.27168096270006,202.44524801993936,100.79881200294035,-224.2132714231697,-130.46657247635088,21607.86449957328,25990.641518744436,2517.1323858466662,1864.6378849248392,212.11552119989733,3563.7681079440113,2139.0752656183386,996.6254584861351,16.253440513300006,1310806.1349435528,1669488.1056916267,8339.0800477795,494153.10447568906,-45363.638524619266,31916.250175339042,-67.17846317308953,-260.45337734108176,-42.29545884406709,75552.77621928617,59824.15618458543,5239.593493028292,12063.323844958377,-3558.854195566442,1263.102431288772,-559.2023173195931,-667.2938216680865,-80.5239414695758,23760.773415716245,31572.206152869345,3039.2732834260014,3353.400752180171,-2861.044600729469,-1329.3509160955225
198,68.45166411118086,212.99523674797646,-19.76500694131746,-131.66150274013873,-1.8140688,71.18005526813103,202.0836733367265,-122.08998860100927,-178.119966027378,21.886606,71.85490212346224,198.2278981538378,-137.17200360305696,-221.01276125336372,-20.778625,72.79549301904301,191.18204964420454,-169.70477317728722,-264.7714887890306,-53.471294,71.11455921042938,202.15481027011433,-111.26354234229208,236.10028615623222,35.72789900569073,21684.06267432989,26022.480909980422,2519.498782639609,1898.6847020911014,216.36119751815366,3558.8221193172,-3306.7069761695348,-1572.6050760752946,71.25331775436862,1283767.7908330811,1646346.778782764,8359.671360425073,483868.23825494334,-45220.4433660798,31449.452127639248,-267.259810488787,-343.6656368915073,87.52792997899313,76018.63019469524,59831.1862957741,5257.56047960413,11979.06197455618,-3630.8561059816957,1272.0807278647812,-277.8694811596921,-171.39290163851803,-56.89214253902233,23858.91450624057,31620.22307620095,3051.8135055066145,3404.4522092674547,-2894.33901582236,-1322.4534759698256
201,68.30731956447579,212.65269183190583,-18.50092535152308,-130.56780718999127,-2.6395636,71.02369529088386,201.79458892851812,-125.33902539521648,-170.77473661607698,20.724524,71.69562553407883,197.96552066469224,-136.45425770449455,-210.33294424402104,-29.308428,72.63276331078367,190.9767333270832,-166.1255729977761,-255.31421540001574,-64.615234,70.957316645016,201.86426834935145,-349.5442133144368,-395.11519425051097,5.650072825110618,21755.56055837012,26065.612773959336,2524.528433927359,1921.0453090771628,213.94641405959248,3561.8948652648796,-913.4318627472346,2001.209531699217,-11.720185844649947,1257791.60368006,1624050.0022702396,8379.567284982613,473917.79730087734,-45035.11183979582,31042.466623943386,-488.52042926448576,113.90036187903657,-36.54989825471759,76413.96358140587,59943.142285984904,5275.082255726508,11961.477321565522,-3699.4570980733524,1276.2505817918689,331.85092215441574,-214.67737989505451,-50.32702272045116,23930.04009998279,31690.563575957367,3063.4212647788568,3426.840333356215,-2919.5394932212516,-1322.8156528728473
204,68.16768535271245,212.32917123118224,-17.89654256902711,-128.14244943965915,-3.2438507,70.86678548878527,201.51209367211777,-128.3539347521839,-163.29406024745586,18.913435,71.53394945814627,197.70644937502047,-136.22211759555572,-199.19764938473088,-35.766525,72.4642759059802,190.77047440668613,-162.5215925588207,-244.8473736290391,-75.96867,70.79952716902807,201.58034770078697,-97.62548307011055,-32.71745697263628,79.86959631775758,21830.852748588026,26104.71562008527,2528.6190191106907,1948.5306457919514,214.42193742116925,3561.632373551379,1297.786050579844,-3387.1150914790587,-247.70723907960786,1232015.9003018937,1601512.217563637,8401.218143156835,464000.5083702734,-44885.903637232834,30595.61180569819,-565.6523275324595,-50.610860107210755,57.45254324926586,76845.99090068445,60011.98582764256,5293.654190119725,11911.123247676705,-3771.0730769738943,1283.4490850737473,-157.3622764851381,-284.77224538584534,-87.75396814557152,24015.25710755631,31752.3201788221,3075.8360973982626,3462.030812768833,-2948.866030832399,-1319.891382263503
207,68.02828895313644,212.01142836397523,-17.19793814825787,-125.84094474135377,-3.230382,70.70947054076154,201.2338394347007,-130.50769873735078,-156.92483598603275,16.907572,71.37165570267933,197.45100404104497,-135.70620536744096,-187.74785640830922,-42.301605,72.2948075025711,190.56669551863925,-158.20800439798563,-235.92332409604697,-85.36339,70.64133960548126,201.3006882474537,4.255522823386002,-181.7750410439839,-9.808576683164567,21907.459832634453,26143.741227742696,2532.662836459864,1976.2271383404113,214.8945564923309,3560.945701775548,466.45550381423925,-716.3214472194754,-106.46372660142994,1206707.9696627364,1579098.8433283416,8422.76542256097,454192.7407739597,-44731.47830981008,30151.189104097066,-452.1944778776551,-20.447942704325115,72.19132093166041,77284.54363848668,60077.0949388298,5312.6823575405115,11853.73194964858,-3843.928557166356,1291.327718301535,-590.9349675277471,178.47174134090523,22.63730909430278,24103.42786923694,31813.576449021086,3088.633118303773,3499.1502135947567,-2979.2915083147873,-1316.624302060413
210,67.88763157681942,211.69583242535444,-15.820018727428087,-125.27096966947407,-2.6223125,70.55179296329119,200.95969828965625,-131.27092529907435,-153.02792609317592,15.417681,71.20933134077214,197.19992307835577,-134.9883396605491,-176.49046729553237,-47.896122,72.1258241307898,190.36710567812594,-155.49615379444978,-223.45384032068642,-94.95127,70.48277816281173,201.02518180946933,-109.0335057320341,-55.09111450688077,-35.31324681375801,21984.808819748352,26184.263625201187,2536.990713097668,2003.1453442022419,214.47267372003813,3560.816844767953,-698.847215300631,-667.1951864967473,-1.3836879155520365,1181808.7154425546,1556862.6292965333,8445.401430835065,444505.71467839734,-44589.60031422218,29697.678696818843,-373.15175082789295,-406.9022662246787,-187.21556722793196,77721.01416460375,60152.42920234602,5332.172766860948,11799.173148891354,-3919.574480082429,1298.2176634536172,94.2601378245503,-17.437298741384495,-154.20587080470403,24191.381525724053,31877.680314395726,3101.638945266674,3534.484029726589,-3009.419015861482,-1313.818172899937
213,67.74694479621843,211.38534897944405,-15.371466661058777,-123.11140021425008,-2.230513,70.39371700964045,200.6896185426742,-131.68591739342546,-148.53347831651607,13.569868,71.04646329060532,196.95242365687707,-134.13952594215633,-165.85418243217566,-50.74734,71.95606015289451,190.17012334628876,-152.96252819544057,-210.36972491397992,-104.22847,70.32383042309834,200.75375445931397,14.354153659670146,-104.90264943766996,-67.5489960009441,22063.53686602946,26225.220570931335,2541.2780712749336,2030.2450987774896,213.83438687720138,3560.3694125095,-1243.4329446692955,-494.9313039742575,56.33512447601433,1157400.3540270582,1534735.5595109642,8467.515889865914,434968.147297141,-44412.62228990093,29281.934607133084,-726.8302282332363,-275.8494892923518,77.01437120332848,78161.86921687788,60225.65735558579,5352.155883299917,11739.695370435884,-3996.3296419723765,1305.6968788081917,-282.33975141380466,-235.96187641669945,-112.1377188239395,24281.672803677477,31941.798894084826,3114.9783572214174,3570.945329213161,-3040.6252229232964,-1311.146409383737
216,67.60587146642763,211.0787672544841,-14.716990424777464,-121.77069622906625,-2.1819413,70.23530690803364,200.42347445019172,-129.26188327070963,-146.56640589846725,11.548125,70.8832824244296,196.7086603041971,-132.5193840323876,-157.56751235597025,-51.17312,71.78601475852592,189.97618678158983,-150.11756621817221,-199.10723762999552,-110.818344,70.16452406306878,200.4863056925108,-73.77221566182232,-177.69068422879892,-59.544723036640065,22143.597795182483,26266.71783657251,2545.763969044856,2057.2693051628685,213.0975100064188,3560.1127787737446,1385.187542586262,538.8050219487443,-57.08730651750257,1133518.5790288828,1512778.0103932223,8489.690456185279,425547.9751575629,-44223.463654771695,28881.562527512753,-343.01019242232655,88.82448525871176,86.64429986370729,78606.69256970033,60299.73004311418,5372.787945034623,11675.934979143352,-4071.921166842316,1315.211554844741,-337.92010455168156,-157.7095411138069,-64.00460139732358,24373.68421240172,32006.801012188276,3128.7014965062344,3607.595824382766,-3072.623172700764,-1308.785282244415
219,67.46371429932577,210.77470824349217,-14.191586545202396,-120.55381150084875,-1.7493644,70.07655502273215,200.16118248900014,-126.83705722174427,-143.5284481951213,8.365355,70.72000181060481,196.4688997513242,-131.23871093132647,-147.01550507358112,-53.258656,71.61633778856036,189.78594065168957,-148.73567980191217,-184.46530213382098,-116.80403,70.0048656792359,200.22275004682996,-8.754977083612488,-232.89830296831312,11.30245954020355,22224.255368102935,26309.540614989208,2550.360150746019,2083.630589030197,211.3151800165332,3560.1011771693984,-523.999173301592,18.80525056223172,-61.26314844014642,1110056.9493230756,1491070.0958958084,8513.948880671996,416299.95647381805,-44068.25869916472,28453.769446657454,-211.74458014081617,-324.59641617882096,44.69447662918831,79049.6858484374,60385.02726220145,5393.780435059626,11616.787074905276,-4153.8681970646785,1321.8187718458205,-6.323079245117572,-246.4488121681578,-29.032126815915333,24464.9372932183,32074.808615313475,3142.535792047797,3643.305686407728,-3103.9342365927905,-1306.1917195888125
222,67.3401783314433,210.5155145644497,-13.379379014408398,-121.08305135767229,-1.2306665,69.91732297813529,199.90410688253112,-124.17103330805267,-139.79384063911195,5.8385763,70.54962668476227,196.2246518432428,-129.23363937242493,-137.72216467418014,-53.26108,71.4276102711504,189.5799116831362,-147.4394524899714,-167.68374938697713,-122.974655,69.84476172236604,199.9644203026098,58.73418655389179,-155.5598343458603,22.969287098436784,22316.534615783155,26334.90581758763,2551.006478637922,2126.561073711058,219.9693017113281,3547.2773233997386,1559.1555074738371,584.0055919363641,-17.470668846441427,1086969.0130368713,1469332.6783002354,8537.046432676121,407121.29269767745,-43883.65232939553,28045.72784691769,-90.91244601454646,96.79935319974209,-46.3356915992261,79581.53031812876,60306.561282681665,5416.58310184231,11423.184837330342,-4243.467951762737,1337.444019289358,-219.21378059937598,37.30255514065439,-129.08957567578642,24606.316800191365,32106.87075955518,3158.622415459324,3722.961648655417,-3148.942771922121,-1292.2412330645893
225,67.1579376281697,210.1360465880007,-13.327965099133655,-119.92614626817686,-0.99913335,69.7579690657506,199.64794556195824,-121.46315704984531,-135.48896180093536,3.485141,70.39953213025235,196.01006632528131,-127.45119585597283,-129.28035195351356,-52.928642,71.29583371832335,189.43556066623697,-146.61361850996968,-155.72249696475163,-127.34154,69.68450035058926,199.70704657263428,-88.33947680201172,165.4040883069898,80.12548129652232,22378.202028328924,26417.44216505276,2564.571170309022,2118.003026198235,195.87609732780697,3574.45871891838,-1083.8477775538545,-214.5407572897746,10.741763771302644,1064526.5759469296,1448145.8156827814,8561.875871299713,398183.0214532542,-43726.05776031083,27629.144554451996,-156.02878904157603,-350.83793762012857,-64.56225625035385,79857.1196071657,60735.1312376523,5436.228943732012,11629.563054163082,-4307.983365010306,1330.9578294952037,-271.85530048382446,-90.80083473161662,-158.08594776266006,24601.080753877897,32250.750497988676,3169.2704330407696,3667.155958815747,-3155.383597223094,-1314.6544050037123
228,67.03393986937208,209.88317623798056,-13.426019233909349,-119.29934633460569,-1.1516042,69.59818833975585,199.39670604714547,-117.10083026070043,-131.63527207268984,0.5251043,70.22855205255989,195.7710997890601,-124.73666162301377,-123.06342659326302,-50.495308,71.10642702979855,189.23323339859516,-145.7168782980237,-141.44634580185567,-125.578026,69.5238161796381,199.45461683485976,89.19280599388983,-251.84205374280072,-27.437320525332282,22472.57635291571,26443.607907190242,2565.22020557305,2160.6660840983086,203.714898599975,3561.24143173905,-183.25290037221862,-1291.2096782727222,-118.60047475601232,1042501.3642258174,1426943.163886476,8586.13386036057,389347.88621708826,-43547.45139490919,27228.386184914652,245.29998153239336,-175.9228010849916,-23.575134155759116,80390.94198670275,60656.54531369935,5460.147518801833,11427.974841306557,-4400.608472246128,1347.0850138370404,-402.71134308142524,217.9666599322478,-67.66361643471035,24745.555116137642,32284.17120485195,3185.9650936066173,3748.385499831796,-3201.2036408576637,-1300.3887989399227
231,66.89011389499136,209.5938545022091,-13.21354375198071,-119.98381744809694,-1.5940785,69.43807764898489,199.14906985779896,-111.86368315431726,-129.6947378767938,-1.6522585,70.06407342235288,195.54512558332976,-121.9495071427546,-116.46215611401026,-48.798626,70.93570608904017,189.0541758150708,-145.32088899966107,-125.90786931687771,-125.910904,69.36281490744372,199.20580587001862,-136.93890573245372,-202.31667616794493,-63.68326903872769,22557.584335590564,26489.36287228087,2570.3519647449307,2186.147673473919,200.63265706657546,3561.5582899622273,-297.81819279616514,-416.1648603778921,82.91104862162916,1020809.2147106595,1405997.3174821422,8611.443315932216,380644.68846934347,-43377.87162121905,26821.534869797873,-146.10173947661127,36.80576345065592,-87.54494828299264,80843.64185469519,60749.413882689645,5483.437044784399,11358.483325722475,-4487.297496950721,1355.6850154740714,-140.5252072059515,-215.8988697697378,-109.75615579987388,24842.3777391924,32355.54014173665,3201.1676903066164,3784.364795051595,-3235.3416117496363,-1299.0619598219296
234,66.74515399321439,209.30657611550558,-13.655978942021221,-119.23178566972808,-2.0262074,69.27766056566819,198.9048978861949,-107.9736180970888,-125.38095670668996,-3.1370144,69.8995405299104,195.32277443989628,-119.16035148044129,-109.8128745231812,-46.761536,70.76544401029068,188.8785157962817,-145.0444584152984,-110.08816131828038,-125.876,69.20148720530423,198.96050160130721,-66.5562697881976,-132.53655981104268,-61.953516862026625,22643.55161527517,26536.837052601062,2575.802193613673,2210.9838870019094,196.79967340670436,3562.5326458028753,-246.9548503387232,148.55493413001125,-146.77120791453933,999621.5809359006,1385293.082289816,8636.67526664011,372102.1164683121,-43182.79287188994,26448.99437930989,-27.37065356750702,106.38782134758563,-31.22292148384464,81295.30333707527,60851.98453665797,5507.232670681079,11292.753922775531,-4572.317373148409,1365.905491966903,133.76092366793972,34.5975456442484,-76.57585590201327,24938.58402825014,32429.411466536258,3216.5287433724534,3818.93596436593,-3268.9212609347564,-1297.674797619078
237,66.59975175748087,209.02270512405224,-13.981305521786357,-118.35051590951078,-2.9520009,69.11692505329489,198.66413444753923,-103.99856189268021,-121.21292822281038,-4.9209857,69.73476066876543,195.10361258660868,-116.29795082979754,-103.60498216431402,-44.468483,70.59499459466771,188.70542573756242,-143.65290796935707,-100.47602205715758,-118.51229,69.03985906676213,198.71861231007912,180.69312303306842,-339.98728349695176,-58.98280080869065,22730.553689498116,26584.950904864578,2581.327864506025,2235.5735671438338,192.48117562669316,3563.4589006686606,1808.6594436643938,481.44840941495954,-32.71841153703146,978917.0256861092,1364755.4852844311,8663.408242022124,363724.71047440096,-43028.081038909964,26033.75397746546,86.3127966909278,14.061507969755823,-86.85149709663254,81750.11808423634,60957.455172877126,5531.596737732744,11224.909175635572,-4662.708873320259,1373.985394544915,-33.98754790059114,-36.895071317818974,-72.20559605745136,25035.836423314566,32504.20615486496,3232.223872191812,3853.6080076159774,-3302.984518835535,-1296.473846156067
240,66.45465019343123,208.74359020129887,-13.894516772969087,-118.53800330455763,-4.2276983,68.95591017850053,198.42666996827592,-100.10542186270915,-117.2886619414996,-6.0870595,69.56946980497415,194.8872388430295,-113.15630998381512,-99.40831182836055,-42.332752,70.42366087633127,188.53418944021712,-142.73125068027392,-87.04098469688047,-113.36783,68.87792588363928,198.48006773685046,-508.6569243099339,-109.74845994342229,69.65797168221353,22819.114610973877,26633.08939327561,2586.9333491560656,2260.59094794078,188.50373282872204,3564.245371782762,-484.79776130008634,-478.4084858190754,-113.2598171347149,958574.1893184355,1344465.0721040256,8688.644775262925,355460.89167103916,-42817.78144486473,25679.55474310775,-642.3741279898229,-388.9013336407544,-92.57705246672394,82208.12905060648,61056.47936442851,5556.663536766288,11148.232798437924,-4753.122764367679,1384.0922134580035,-8.892044089516254,-28.50427764550499,-50.91502995122242,25136.143115314568,32578.5571122208,3248.257994385059,3890.014230891001,-3337.8361138530627,-1294.6801830866907
